prenom,nom,password
Gabriele,Roder,mdp12345!
Rand,Spadaro,mdp12345!
Dulcy,Parmby,mdp12345!
Scarlet,Dinnis,mdp12345!
Kipp,Henrie,mdp12345!
Jesus,Rubanenko,mdp12345!
Rennie,Searson,mdp12345!
Vivie,Dedham,mdp12345!
Gram,Warren,mdp12345!
Dew,Biasi,mdp12345!
Raquel,Emsley,mdp12345!
Tamera,Verey,mdp12345!
Costanza,Haws,mdp12345!
Yehudit,Males,mdp12345!
Iver,Jovicic,mdp12345!
Lusa,Bedow,mdp12345!
Jenn,Maciaszek,mdp12345!
Wallace,Forseith,mdp12345!
Obadiah,Wareham,mdp12345!
Dionis,Spurritt,mdp12345!
Kimble,Briscoe,mdp12345!
Annabela,Millen,mdp12345!
Quincy,Bing,mdp12345!
Arvie,Grunwald,mdp12345!
Lewes,Gibbings,mdp12345!
Herminia,Zimek,mdp12345!
Fina,Sproat,mdp12345!
Lamont,Catanheira,mdp12345!
Field,Matisoff,mdp12345!
Tania,Lukas,mdp12345!
Wini,Sibborn,mdp12345!
Jeramey,Thewless,mdp12345!
Witty,Melbury,mdp12345!
Nat,Oty,mdp12345!
Adriano,Gocher,mdp12345!
Judy,Vairow,mdp12345!
Durant,Croson,mdp12345!
Leona,Reedy,mdp12345!
Emilie,Stayte,mdp12345!
Agneta,Le Strange,mdp12345!
Silvie,Cottell,mdp12345!
Leisha,Dewick,mdp12345!
Reidar,Bourhill,mdp12345!
Whitney,Frickey,mdp12345!
Dorita,Rosentholer,mdp12345!
Hilde,Drinkwater,mdp12345!
Kiley,Bunworth,mdp12345!
Geoff,Child,mdp12345!
Verna,Veschambes,mdp12345!
Julian,Cluelow,mdp12345!
Nertie,Aaron,mdp12345!
Holly,Leet,mdp12345!
Lorilee,Lyfield,mdp12345!
Alvan,Roskeilly,mdp12345!
Lyndel,Maryon,mdp12345!
Nevile,Messum,mdp12345!
Kathy,Haldenby,mdp12345!
Davidson,Jakoubek,mdp12345!
Talbert,Buzine,mdp12345!
Golda,Schroeder,mdp12345!
Saxon,Braiden,mdp12345!
Gretna,Kench,mdp12345!
Gilberte,Burd,mdp12345!
Jabez,Archbutt,mdp12345!
Ermina,Grain,mdp12345!
Major,Legerton,mdp12345!
Rosa,Pedlow,mdp12345!
Jobina,Golt,mdp12345!
Ida,Adan,mdp12345!
Dyanne,Fullom,mdp12345!
John,Hierro,mdp12345!
Alfonse,Whittick,mdp12345!
Laurena,Lugsdin,mdp12345!
Genvieve,Tregona,mdp12345!
Camellia,MacCoughen,mdp12345!
Aloysia,Hyman,mdp12345!
Maximilianus,Scolding,mdp12345!
Shauna,Walenta,mdp12345!
Jeremie,Singers,mdp12345!
Melinde,Sorel,mdp12345!
Marvin,Hasnip,mdp12345!
Anna-diana,Lyal,mdp12345!
Tait,Smalcombe,mdp12345!
Lacy,Tunnick,mdp12345!
Ellynn,Lichtfoth,mdp12345!
Haley,Ends,mdp12345!
Madelon,Derdes,mdp12345!
Jocko,Addinall,mdp12345!
Waylin,Kempster,mdp12345!
Cherry,Roughsedge,mdp12345!
Reena,Maccrie,mdp12345!
Elihu,Muddicliffe,mdp12345!
Ara,Kenworthy,mdp12345!
Nolan,Bricket,mdp12345!
Cordie,Dukes,mdp12345!
Jorrie,Hessay,mdp12345!
Hendrika,Walpole,mdp12345!
Kayle,Bollands,mdp12345!
Kriste,Standbridge,mdp12345!
Starr,Scandrett,mdp12345!
Walsh,Titman,mdp12345!
Alleen,Barge,mdp12345!
Ulrike,Hanmore,mdp12345!
Jolynn,Jouanot,mdp12345!
Willamina,Spackman,mdp12345!
Georas,Kilshaw,mdp12345!
Gretta,Klammt,mdp12345!
Faunie,Ledstone,mdp12345!
Stavros,McElhinney,mdp12345!
Barrett,Downage,mdp12345!
Sigismond,Pharoah,mdp12345!
Jolyn,Bardill,mdp12345!
Hayward,Barnewell,mdp12345!
Jodi,Burrage,mdp12345!
Lars,Ilchenko,mdp12345!
Roz,Coolbear,mdp12345!
Greggory,Lening,mdp12345!
Karlotta,Grigorescu,mdp12345!
Mufi,Babidge,mdp12345!
Harland,Code,mdp12345!
Alla,Sambath,mdp12345!
Henrietta,Sewards,mdp12345!
Antonietta,Tipler,mdp12345!
Sherye,Steffan,mdp12345!
Beatrice,Oliphant,mdp12345!
Ainslie,Pounds,mdp12345!
Effie,Zamora,mdp12345!
Mamie,Garn,mdp12345!
Aida,Burfoot,mdp12345!
Paola,Coady,mdp12345!
Gaelan,Paten,mdp12345!
Ignatius,Wolfers,mdp12345!
Jenifer,McCurtain,mdp12345!
Danya,Elie,mdp12345!
Jan,Wimms,mdp12345!
Florance,Silwood,mdp12345!
Carola,Bubb,mdp12345!
Ellen,Barta,mdp12345!
Tiff,Sinnat,mdp12345!
Iggy,Trevithick,mdp12345!
Wynn,Boyett,mdp12345!
Mohandis,Radmore,mdp12345!
Sheree,Beamish,mdp12345!
Meyer,Kilroy,mdp12345!
Evangeline,Greir,mdp12345!
Noah,Wittrington,mdp12345!
Rip,Felderer,mdp12345!
Dulcy,Houlaghan,mdp12345!
Cirilo,Gervaise,mdp12345!
Madelena,Jiggins,mdp12345!
Gonzalo,Rosenhaus,mdp12345!
Fawne,Karlmann,mdp12345!
Rolland,Durber,mdp12345!
Finlay,Petlyura,mdp12345!
Bren,Bloom,mdp12345!
Charo,Swatridge,mdp12345!
Johann,Gelardi,mdp12345!
Noel,Benedettini,mdp12345!
Kermit,Norville,mdp12345!
Titos,Rowes,mdp12345!
Derek,Pawels,mdp12345!
Manon,Bowra,mdp12345!
Marin,Lettington,mdp12345!
Willy,Hollyland,mdp12345!
Tamma,Davage,mdp12345!
Forbes,Denekamp,mdp12345!
Glendon,Callaway,mdp12345!
Neall,Jirus,mdp12345!
Clareta,Crutchley,mdp12345!
Field,Hayselden,mdp12345!
Axel,Couzens,mdp12345!
Jenifer,Vurley,mdp12345!
Tyrus,Cadogan,mdp12345!
Corina,Wissby,mdp12345!
Timothy,Lowing,mdp12345!
Faun,Leggs,mdp12345!
Doe,Alvin,mdp12345!
Sammy,Farny,mdp12345!
Hollyanne,Geharke,mdp12345!
Cinda,Farrey,mdp12345!
Kean,Ginnaly,mdp12345!
Cyndy,Mugridge,mdp12345!
Amara,Hailston,mdp12345!
Erskine,Fulmen,mdp12345!
Leta,Spears,mdp12345!
Ford,Beneteau,mdp12345!
Heinrik,Crim,mdp12345!
Fallon,Muller,mdp12345!
Lonna,Jenton,mdp12345!
Annaliese,Brassington,mdp12345!
Massimo,Aspin,mdp12345!
Emmet,Whatson,mdp12345!
Shelley,Eckersley,mdp12345!
Ellsworth,Okker,mdp12345!
Sherlocke,Moran,mdp12345!
Shay,McDermid,mdp12345!
Chet,Andrejevic,mdp12345!
Raven,Filipov,mdp12345!
Charmion,Bernadot,mdp12345!
Wanids,Volage,mdp12345!
Rorke,Volette,mdp12345!
Devonne,Edgworth,mdp12345!
Florella,Mowbray,mdp12345!
Ginger,Boarleyson,mdp12345!
Francois,Haswell,mdp12345!
Rhiamon,Sleep,mdp12345!
Kellyann,Gillanders,mdp12345!
Jobyna,Klesel,mdp12345!
Cheslie,Capoun,mdp12345!
Adella,Alliston,mdp12345!
Orv,O'Hartnedy,mdp12345!
Robbi,Maile,mdp12345!
Woodman,Deverson,mdp12345!
Chancey,Cafferky,mdp12345!
Gerladina,Berge,mdp12345!
Lezley,Aleshintsev,mdp12345!
Coralyn,Matteotti,mdp12345!
Abra,Monelle,mdp12345!
Kirbie,Peotz,mdp12345!
Boris,Swapp,mdp12345!
